node_id,node_name,system_code,system_group,node_type,voivodeship_code,gmina_code,criticality_class,cascade_nodes,cascade_max_wave,cascade_systems,cascade_population,cascade_gminas,cascade_k1_nodes,first_secondary_hour,cascade_index,cascade_tier,backup_type,autonomy_hours,single_source_power,on_ci_register,spo10_agreement,operator_name,in_flood_zone,fragility_score,spof_reason
IK-01-00181,GPZ 110/SN pomorskie-zachodni-09-02-00181,IK01,energy,GPZ 110/SN,22,2209002,K2,114,9,11,642162,45,30,1.1,90.63,krytyczny,dual_feed,0.0,0,1,0,OSD Południe (fikc.),0,41.96,skutki w 11 systemach; 642 162 mieszkańców bez usług
IK-01-00332,magazyn/terminal paliw dolnośląskie-centralny-10-06-00332,IK01,energy,magazyn/terminal paliw,02,0210006,K2,130,8,11,522795,43,41,46.1,90.41,krytyczny,genset,1.6,0,1,0,Gazoprzesył S.A. (fikc.),1,44.23,skutki w 11 systemach; 522 795 mieszkańców bez usług; w strefie zalewowej
IK-01-00193,GPZ 110/SN dolnośląskie-zachodni-21-06-00193,IK01,energy,GPZ 110/SN,02,0221006,K2,130,8,11,522795,43,41,0.0,90.41,krytyczny,dual_feed,0.0,0,1,1,Paliwa Krajowe S.A. (fikc.),1,46.72,skutki w 11 systemach; 522 795 mieszkańców bez usług; w strefie zalewowej
IK-01-00013,stacja NN 400/220 kV dolnośląskie-zachodni-15-06-00013,IK01,energy,stacja NN 400/220 kV,02,0215006,K1,130,6,11,522795,43,40,0.0,90.08,krytyczny,dual_feed,0.0,0,1,1,Paliwa Krajowe S.A. (fikc.),1,52.56,skutki w 11 systemach; 522 795 mieszkańców bez usług; w strefie zalewowej
IK-01-00331,magazyn/terminal paliw dolnośląskie-południowy-25-06-00331,IK01,energy,magazyn/terminal paliw,02,0225006,K2,136,7,11,432434,38,45,32.5,87.59,krytyczny,genset,1.9,0,1,1,OSD Zachód (fikc.),0,40.12,skutki w 11 systemach; 432 434 mieszkańców bez usług
IK-01-00198,GPZ 110/SN dolnośląskie-zachodni-09-04-00198,IK01,energy,GPZ 110/SN,02,0209004,K3,136,8,11,432434,38,45,0.0,87.59,krytyczny,dual_feed,0.0,0,0,0,Paliwa Krajowe S.A. (fikc.),1,33.56,skutki w 11 systemach; 432 434 mieszkańców bez usług; poza rejestrem IK; w strefie zalewowej
IK-01-00006,stacja NN 400/220 kV dolnośląskie-miejski-05-07-00006,IK01,energy,stacja NN 400/220 kV,02,0205007,K1,136,5,11,432434,38,44,0.0,87.26,krytyczny,dual_feed,0.0,0,1,1,Gazoprzesył S.A. (fikc.),0,54.6,skutki w 11 systemach; 432 434 mieszkańców bez usług
IK-01-00026,stacja NN 400/220 kV dolnośląskie-miejski-23-07-00026,IK01,energy,stacja NN 400/220 kV,02,0223007,K1,104,6,11,538453,34,29,0.0,82.18,krytyczny,dual_feed,0.0,0,1,1,Gazoprzesył S.A. (fikc.),1,51.2,skutki w 11 systemach; 538 453 mieszkańców bez usług; w strefie zalewowej
IK-01-00376,stacja redukcyjna gazu pomorskie-zachodni-09-05-00376,IK01,energy,stacja redukcyjna gazu,22,2209005,K2,101,8,11,542568,38,27,42.1,81.16,krytyczny,genset,1.6,0,0,1,Paliwa Krajowe S.A. (fikc.),0,45.11,skutki w 11 systemach; 542 568 mieszkańców bez usług; poza rejestrem IK
IK-01-00173,GPZ 110/SN zachodniopomorskie-wschodni-02-02-00173,IK01,energy,GPZ 110/SN,32,3202002,K2,75,8,11,507922,32,23,1.7,72.61,krytyczny,dual_feed,0.0,0,1,0,Operator Przesyłowy S.A. (fikc.),0,43.56,skutki w 11 systemach; 507 922 mieszkańców bez usług
IK-01-00009,stacja NN 400/220 kV opolskie-północny-06-07-00009,IK01,energy,stacja NN 400/220 kV,16,1606007,K1,118,7,11,291258,25,31,0.0,71.0,krytyczny,dual_feed,0.0,0,1,1,OSD Zachód (fikc.),1,54.6,skutki w 11 systemach; 291 258 mieszkańców bez usług; w strefie zalewowej
IK-01-00020,stacja NN 400/220 kV mazowieckie-południowy-37-02-00020,IK01,energy,stacja NN 400/220 kV,14,1437002,K1,83,5,11,478174,31,15,0.0,69.77,krytyczny,dual_feed,0.0,0,1,1,OSD Południe (fikc.),0,54.04,skutki w 11 systemach; 478 174 mieszkańców bez usług
IK-01-00060,GPZ 110/SN mazowieckie-miejski-29-05-00060,IK01,energy,GPZ 110/SN,14,1429005,K1,56,4,11,604847,23,8,0.0,69.58,krytyczny,dual_feed,0.0,0,1,1,OSD Południe (fikc.),0,50.96000000000001,skutki w 11 systemach; 604 847 mieszkańców bez usług
IK-01-00096,GPZ 110/SN małopolskie-wschodni-14-04-00096,IK01,energy,GPZ 110/SN,12,1214004,K2,69,7,10,472338,31,21,0.0,66.83,krytyczny,dual_feed,0.0,0,1,1,OSD Zachód (fikc.),0,40.2,skutki w 10 systemach; 472 338 mieszkańców bez usług
IK-01-00361,magazyn/terminal paliw małopolskie-miejski-11-06-00361,IK01,energy,magazyn/terminal paliw,12,1211006,K2,69,6,10,472338,31,21,24.3,66.83,krytyczny,genset,1.0,0,1,0,Operator Przesyłowy S.A. (fikc.),0,46.23,skutki w 10 systemach; 472 338 mieszkańców bez usług
IK-01-00028,stacja NN 400/220 kV małopolskie-miejski-17-01-00028,IK01,energy,stacja NN 400/220 kV,12,1217001,K1,69,8,10,472338,31,20,0.0,66.5,krytyczny,dual_feed,0.0,0,1,1,Gazoprzesył S.A. (fikc.),0,50.63999999999999,skutki w 10 systemach; 472 338 mieszkańców bez usług
IK-01-00011,stacja NN 400/220 kV podkarpackie-miejski-17-05-00011,IK01,energy,stacja NN 400/220 kV,18,1817005,K1,86,6,10,364783,27,25,0.0,65.17,krytyczny,dual_feed,0.0,0,1,1,Gazoprzesył S.A. (fikc.),0,49.44,skutki w 10 systemach; 364 783 mieszkańców bez usług
IK-01-00037,stacja NN 400/220 kV dolnośląskie-północny-18-04-00037,IK01,energy,stacja NN 400/220 kV,02,0218004,K1,81,5,11,343851,24,22,0.0,63.76,krytyczny,dual_feed,0.0,0,1,1,Operator Przesyłowy S.A. (fikc.),0,52.2,skutki w 11 systemach; 343 851 mieszkańców bez usług
IK-01-00408,stacja redukcyjna gazu świętokrzyskie-wschodni-14-04-00408,IK01,energy,stacja redukcyjna gazu,26,2614004,K3,74,11,11,327259,33,25,39.1,62.39,krytyczny,genset,2.6,0,0,0,OSD Południe (fikc.),0,34.98,skutki w 11 systemach; 327 259 mieszkańców bez usług; poza rejestrem IK
IK-01-00234,GPZ 110/SN świętokrzyskie-zachodni-03-01-00234,IK01,energy,GPZ 110/SN,26,2603001,K2,74,8,11,327259,33,25,0.0,62.39,krytyczny,dual_feed,0.0,0,1,1,Gazoprzesył S.A. (fikc.),0,41.760000000000005,skutki w 11 systemach; 327 259 mieszkańców bez usług
IK-01-00019,stacja NN 400/220 kV świętokrzyskie-miejski-05-04-00019,IK01,energy,stacja NN 400/220 kV,26,2605004,K1,74,9,11,327259,33,24,0.0,62.06,krytyczny,dual_feed,0.0,0,1,1,Gazoprzesył S.A. (fikc.),0,54.6,skutki w 11 systemach; 327 259 mieszkańców bez usług
IK-01-00010,stacja NN 400/220 kV świętokrzyskie-miejski-11-03-00010,IK01,energy,stacja NN 400/220 kV,26,2611003,K1,74,8,11,327259,33,24,0.0,62.06,krytyczny,dual_feed,0.0,0,0,1,OSD Zachód (fikc.),0,54.6,skutki w 11 systemach; 327 259 mieszkańców bez usług; poza rejestrem IK
IK-01-00012,stacja NN 400/220 kV wielkopolskie-centralny-04-02-00012,IK01,energy,stacja NN 400/220 kV,30,3004002,K1,63,6,11,380220,26,18,0.0,61.01,krytyczny,dual_feed,0.0,0,0,1,Operator Przesyłowy S.A. (fikc.),0,54.6,skutki w 11 systemach; 380 220 mieszkańców bez usług; poza rejestrem IK
IK-01-00334,magazyn/terminal paliw zachodniopomorskie-wschodni-20-03-00334,IK01,energy,magazyn/terminal paliw,32,3220003,K1,52,6,10,397418,26,12,21.8,56.02,krytyczny,genset,2.3,0,1,1,OSD Zachód (fikc.),0,50.4,skutki w 10 systemach; 397 418 mieszkańców bez usług
IK-01-00008,stacja NN 400/220 kV łódzkie-centralny-10-01-00008,IK01,energy,stacja NN 400/220 kV,10,1010001,K1,59,4,11,267515,30,21,0.0,54.54,krytyczny,dual_feed,0.0,0,1,1,OSD Zachód (fikc.),0,51.6,skutki w 11 systemach; 267 515 mieszkańców bez usług
IK-01-00030,stacja NN 400/220 kV łódzkie-północny-24-06-00030,IK01,energy,stacja NN 400/220 kV,10,1024006,K1,39,3,10,336055,21,7,0.0,48.14,krytyczny,dual_feed,0.0,0,1,1,OSD Południe (fikc.),0,54.6,skutki w 10 systemach; 336 055 mieszkańców bez usług
IK-01-00001,stacja NN 400/220 kV mazowieckie-miejski-05-03-00001,IK01,energy,stacja NN 400/220 kV,14,1405003,K1,47,4,11,245109,18,9,0.0,46.84,krytyczny,dual_feed,0.0,0,1,1,Paliwa Krajowe S.A. (fikc.),0,54.6,skutki w 11 systemach; 245 109 mieszkańców bez usług
IK-01-00024,stacja NN 400/220 kV zachodniopomorskie-miejski-17-05-00024,IK01,energy,stacja NN 400/220 kV,32,3217005,K1,39,4,10,303195,17,5,0.0,45.53,krytyczny,dual_feed,0.0,0,1,1,OSD Południe (fikc.),0,54.6,skutki w 10 systemach; 303 195 mieszkańców bez usług
IK-01-00218,GPZ 110/SN dolnośląskie-zachodni-15-03-00218,IK01,energy,GPZ 110/SN,02,0215003,K2,48,3,11,194316,14,13,0.0,45.36,krytyczny,dual_feed,0.0,0,1,1,Paliwa Krajowe S.A. (fikc.),1,44.48,skutki w 11 systemach; 194 316 mieszkańców bez usług; w strefie zalewowej
IK-01-00033,stacja NN 400/220 kV opolskie-południowy-07-06-00033,IK01,energy,stacja NN 400/220 kV,16,1607006,K1,55,5,10,188255,18,13,0.0,44.57,wysoki,dual_feed,0.0,0,1,1,OSD Zachód (fikc.),1,54.6,skutki w 10 systemach; 188 255 mieszkańców bez usług; w strefie zalewowej
IK-01-00036,stacja NN 400/220 kV lubuskie-południowy-01-01-00036,IK01,energy,stacja NN 400/220 kV,08,0801001,K1,38,3,9,286924,22,5,0.0,42.55,wysoki,dual_feed,0.0,0,1,1,OSD Zachód (fikc.),0,52.400000000000006,skutki w 9 systemach; 286 924 mieszkańców bez usług
IK-01-00119,GPZ 110/SN dolnośląskie-południowy-13-02-00119,IK01,energy,GPZ 110/SN,02,0213002,K2,49,4,11,96027,9,17,0.0,41.08,wysoki,dual_feed,0.0,0,0,0,Operator Przesyłowy S.A. (fikc.),0,44.28,skutki w 11 systemach; poza rejestrem IK
IK-01-00043,GPZ 110/SN opolskie-wschodni-08-01-00043,IK01,energy,GPZ 110/SN,16,1608001,K3,51,7,11,127971,11,10,1.5,41.03,wysoki,dual_feed,0.0,0,0,0,Operator Przesyłowy S.A. (fikc.),0,37.68,skutki w 11 systemach; 127 971 mieszkańców bez usług; poza rejestrem IK
IK-01-00073,GPZ 110/SN podlaskie-wschodni-14-03-00073,IK01,energy,GPZ 110/SN,20,2014003,K1,37,4,11,143678,8,10,0.0,39.18,wysoki,dual_feed,0.0,0,1,1,Paliwa Krajowe S.A. (fikc.),0,52.52,skutki w 11 systemach; 143 678 mieszkańców bez usług
IK-01-00023,stacja NN 400/220 kV opolskie-zachodni-03-03-00023,IK01,energy,stacja NN 400/220 kV,16,1603003,K1,40,4,10,152989,11,7,0.0,37.51,wysoki,dual_feed,0.0,0,0,1,Paliwa Krajowe S.A. (fikc.),1,50.52,skutki w 10 systemach; 152 989 mieszkańców bez usług; poza rejestrem IK; w strefie zalewowej
IK-01-00215,GPZ 110/SN świętokrzyskie-południowy-07-04-00215,IK01,energy,GPZ 110/SN,26,2607004,K2,34,4,9,171876,14,11,0.0,36.95,wysoki,dual_feed,0.0,0,1,1,OSD Południe (fikc.),0,46.84,skutki w 9 systemach; 171 876 mieszkańców bez usług
IK-01-00156,GPZ 110/SN dolnośląskie-zachodni-15-05-00156,IK01,energy,GPZ 110/SN,02,0215005,K2,30,4,10,169196,8,8,1.2,36.82,wysoki,dual_feed,0.0,0,1,1,OSD Południe (fikc.),1,43.88,skutki w 10 systemach; 169 196 mieszkańców bez usług; w strefie zalewowej
IK-01-00034,stacja NN 400/220 kV kujawsko-pomorskie-zachodni-15-04-00034,IK01,energy,stacja NN 400/220 kV,04,0415004,K1,30,4,9,162058,13,8,0.0,34.58,wysoki,dual_feed,0.0,0,1,1,OSD Południe (fikc.),0,53.36,skutki w 9 systemach; 162 058 mieszkańców bez usług
IK-01-00161,GPZ 110/SN lubelskie-południowy-13-01-00161,IK01,energy,GPZ 110/SN,06,0613001,K2,26,3,10,105838,11,14,0.0,34.27,wysoki,dual_feed,0.0,0,1,1,Operator Przesyłowy S.A. (fikc.),0,40.64,skutki w 10 systemach; 105 838 mieszkańców bez usług
IK-01-00015,stacja NN 400/220 kV zachodniopomorskie-południowy-07-06-00015,IK01,energy,stacja NN 400/220 kV,32,3207006,K1,22,3,8,229666,12,3,0.0,33.5,wysoki,dual_feed,0.0,0,0,1,Paliwa Krajowe S.A. (fikc.),0,51.68000000000001,skutki w 8 systemach; 229 666 mieszkańców bez usług; poza rejestrem IK
IK-01-00002,stacja NN 400/220 kV śląskie-miejski-23-05-00002,IK01,energy,stacja NN 400/220 kV,24,2423005,K1,19,3,9,208813,10,3,0.0,33.49,wysoki,dual_feed,0.0,0,1,1,OSD Południe (fikc.),0,54.6,skutki w 9 systemach; 208 813 mieszkańców bez usług
IK-01-00038,stacja NN 400/220 kV łódzkie-centralny-22-05-00038,IK01,energy,stacja NN 400/220 kV,10,1022005,K1,26,4,8,202780,14,5,0.0,33.37,wysoki,dual_feed,0.0,0,1,0,OSD Zachód (fikc.),0,54.6,skutki w 8 systemach; 202 780 mieszkańców bez usług
IK-01-00160,GPZ 110/SN wielkopolskie-miejski-35-04-00160,IK01,energy,GPZ 110/SN,30,3035004,K2,29,4,10,100606,11,8,0.0,32.56,wysoki,dual_feed,0.0,0,1,1,OSD Zachód (fikc.),0,45.08,skutki w 10 systemach; 100 606 mieszkańców bez usług
IK-01-00102,GPZ 110/SN małopolskie-wschodni-02-03-00102,IK01,energy,GPZ 110/SN,12,1202003,K1,22,4,9,153009,9,8,0.0,32.45,wysoki,dual_feed,0.0,0,1,0,Paliwa Krajowe S.A. (fikc.),0,47.68,skutki w 9 systemach; 153 009 mieszkańców bez usług
IK-01-00035,stacja NN 400/220 kV opolskie-wschodni-08-06-00035,IK01,energy,stacja NN 400/220 kV,16,1608006,K1,38,4,9,99988,8,7,0.0,32.16,wysoki,dual_feed,0.0,0,1,0,Operator Przesyłowy S.A. (fikc.),0,52.72,skutki w 9 systemach
IK-01-00232,GPZ 110/SN małopolskie-centralny-16-01-00232,IK01,energy,GPZ 110/SN,12,1216001,K2,26,3,9,118144,12,9,0.0,31.52,wysoki,dual_feed,0.0,0,1,0,Gazoprzesył S.A. (fikc.),0,43.2,skutki w 9 systemach; 118 144 mieszkańców bez usług
IK-01-00022,stacja NN 400/220 kV pomorskie-północny-12-05-00022,IK01,energy,stacja NN 400/220 kV,22,2212005,K1,21,3,9,156274,12,5,0.0,31.45,wysoki,dual_feed,0.0,0,1,1,Paliwa Krajowe S.A. (fikc.),0,54.6,skutki w 9 systemach; 156 274 mieszkańców bez usług
IK-01-00041,GPZ 110/SN warmińsko-mazurskie-zachodni-15-05-00041,IK01,energy,GPZ 110/SN,28,2815005,K2,19,2,9,135299,10,5,0.0,29.81,wysoki,dual_feed,0.0,0,0,1,OSD Zachód (fikc.),0,42.92,skutki w 9 systemach; 135 299 mieszkańców bez usług; poza rejestrem IK
IK-01-00168,GPZ 110/SN dolnośląskie-miejski-11-02-00168,IK01,energy,GPZ 110/SN,02,0211002,K2,21,3,9,105800,5,9,0.0,29.79,wysoki,dual_feed,0.0,0,0,0,Gazoprzesył S.A. (fikc.),1,39.88,skutki w 9 systemach; 105 800 mieszkańców bez usług; poza rejestrem IK; w strefie zalewowej
IK-01-00128,GPZ 110/SN wielkopolskie-wschodni-32-06-00128,IK01,energy,GPZ 110/SN,30,3032006,K2,15,2,10,121622,7,4,0.0,29.69,wysoki,dual_feed,0.0,0,0,1,Operator Przesyłowy S.A. (fikc.),0,42.84,skutki w 10 systemach; 121 622 mieszkańców bez usług; poza rejestrem IK
IK-01-00087,GPZ 110/SN dolnośląskie-północny-06-07-00087,IK01,energy,GPZ 110/SN,02,0206007,K2,15,2,7,190113,10,7,0.0,29.29,wysoki,dual_feed,0.0,0,1,1,Gazoprzesył S.A. (fikc.),0,39.76,skutki w 7 systemach; 190 113 mieszkańców bez usług
IK-01-00204,GPZ 110/SN opolskie-wschodni-02-01-00204,IK01,energy,GPZ 110/SN,16,1602001,K1,23,3,10,72129,3,6,0.0,29.02,wysoki,dual_feed,0.0,0,1,1,Operator Przesyłowy S.A. (fikc.),1,50.0,skutki w 10 systemach; w strefie zalewowej
IK-01-00113,GPZ 110/SN podlaskie-południowy-13-01-00113,IK01,energy,GPZ 110/SN,20,2013001,K2,26,3,10,69993,7,4,0.0,28.82,wysoki,dual_feed,0.0,0,1,1,OSD Południe (fikc.),0,44.84,skutki w 10 systemach
IK-01-00016,stacja NN 400/220 kV opolskie-południowy-01-01-00016,IK01,energy,stacja NN 400/220 kV,16,1601001,K1,29,3,8,93082,11,9,0.0,28.81,wysoki,dual_feed,0.0,0,1,1,Operator Przesyłowy S.A. (fikc.),1,52.24,skutki w 8 systemach; w strefie zalewowej
IK-01-00129,GPZ 110/SN lubuskie-centralny-10-02-00129,IK01,energy,GPZ 110/SN,08,0810002,K2,19,3,8,167740,11,1,0.0,28.58,wysoki,dual_feed,0.0,0,0,1,OSD Zachód (fikc.),0,41.44,skutki w 8 systemach; 167 740 mieszkańców bez usług; poza rejestrem IK
IK-01-00207,GPZ 110/SN śląskie-centralny-04-01-00207,IK01,energy,GPZ 110/SN,24,2404001,K2,12,2,8,158432,5,1,0.0,26.64,wysoki,dual_feed,0.0,0,1,0,OSD Południe (fikc.),0,44.24,skutki w 8 systemach; 158 432 mieszkańców bez usług
IK-01-00092,GPZ 110/SN podkarpackie-centralny-22-03-00092,IK01,energy,GPZ 110/SN,18,1822003,K2,16,2,8,111788,8,6,0.0,26.34,wysoki,dual_feed,0.0,0,1,0,Operator Przesyłowy S.A. (fikc.),0,44.52,skutki w 8 systemach; 111 788 mieszkańców bez usług
IK-01-00135,GPZ 110/SN wielkopolskie-północny-12-04-00135,IK01,energy,GPZ 110/SN,30,3012004,K2,16,3,9,86062,5,5,0.0,26.3,wysoki,dual_feed,0.0,0,0,0,OSD Zachód (fikc.),0,46.36,skutki w 9 systemach; poza rejestrem IK
IK-01-00097,GPZ 110/SN podkarpackie-centralny-04-06-00097,IK01,energy,GPZ 110/SN,18,1804006,K2,17,2,9,74654,6,6,0.0,26.16,wysoki,dual_feed,0.0,0,1,0,Paliwa Krajowe S.A. (fikc.),0,42.88,skutki w 9 systemach
IK-01-00217,GPZ 110/SN dolnośląskie-wschodni-26-05-00217,IK01,energy,GPZ 110/SN,02,0226005,K2,22,4,9,31117,5,9,0.0,25.57,wysoki,dual_feed,0.0,0,1,1,Paliwa Krajowe S.A. (fikc.),0,38.36,skutki w 9 systemach
IK-01-00061,GPZ 110/SN kujawsko-pomorskie-zachodni-09-06-00061,IK01,energy,GPZ 110/SN,04,0409006,K2,24,3,9,31681,5,6,1.9,25.0,wysoki,dual_feed,0.0,0,1,0,Gazoprzesył S.A. (fikc.),0,43.120000000000005,skutki w 9 systemach
IK-01-00078,GPZ 110/SN dolnośląskie-południowy-19-05-00078,IK01,energy,GPZ 110/SN,02,0219005,K3,20,4,8,53176,4,10,3.9,25.0,wysoki,dual_feed,0.0,0,1,1,OSD Zachód (fikc.),0,29.76,skutki w 8 systemach
IK-01-00027,stacja NN 400/220 kV opolskie-południowy-01-03-00027,IK01,energy,stacja NN 400/220 kV,16,1601003,K2,21,3,7,102181,9,6,0.0,24.94,wysoki,dual_feed,0.0,0,1,0,Operator Przesyłowy S.A. (fikc.),1,46.52,skutki w 7 systemach; 102 181 mieszkańców bez usług; w strefie zalewowej
IK-01-00044,GPZ 110/SN lubuskie-wschodni-02-07-00044,IK01,energy,GPZ 110/SN,08,0802007,K2,16,2,7,130060,12,3,0.0,24.6,wysoki,dual_feed,0.0,0,1,1,OSD Południe (fikc.),0,44.2,skutki w 7 systemach; 130 060 mieszkańców bez usług
IK-01-00213,GPZ 110/SN opolskie-północny-12-02-00213,IK01,energy,GPZ 110/SN,16,1612002,K2,24,3,8,48119,4,2,0.0,22.82,wysoki,dual_feed,0.0,0,1,1,OSD Południe (fikc.),0,39.0,skutki w 8 systemach
IK-01-00062,GPZ 110/SN świętokrzyskie-zachodni-03-03-00062,IK01,energy,GPZ 110/SN,26,2603003,K2,14,2,7,98704,9,4,0.0,22.68,wysoki,dual_feed,0.0,0,1,1,OSD Zachód (fikc.),0,41.68,skutki w 7 systemach
IK-01-00079,GPZ 110/SN łódzkie-wschodni-20-05-00079,IK01,energy,GPZ 110/SN,10,1020005,K1,13,2,8,81188,7,2,1.0,22.6,wysoki,dual_feed,0.0,0,1,1,OSD Południe (fikc.),0,48.0,skutki w 8 systemach
IK-01-00203,GPZ 110/SN dolnośląskie-północny-30-03-00203,IK01,energy,GPZ 110/SN,02,0230003,K1,14,3,8,87592,7,0,0.0,22.51,wysoki,dual_feed,0.0,0,1,1,OSD Południe (fikc.),0,48.04,skutki w 8 systemach
IK-01-00162,GPZ 110/SN dolnośląskie-wschodni-02-04-00162,IK01,energy,GPZ 110/SN,02,0202004,K2,16,3,9,32852,3,3,0.0,22.48,wysoki,dual_feed,0.0,0,0,1,Gazoprzesył S.A. (fikc.),0,41.2,skutki w 9 systemach; poza rejestrem IK
IK-01-00117,GPZ 110/SN warmińsko-mazurskie-południowy-01-04-00117,IK01,energy,GPZ 110/SN,28,2801004,K2,16,2,8,59249,3,3,0.0,22.23,wysoki,dual_feed,0.0,0,1,1,OSD Zachód (fikc.),0,42.2,skutki w 8 systemach
IK-01-00167,GPZ 110/SN mazowieckie-wschodni-14-05-00167,IK01,energy,GPZ 110/SN,14,1414005,K1,9,2,7,120409,4,0,0.0,21.64,wysoki,dual_feed,0.0,0,1,0,OSD Południe (fikc.),0,47.68,skutki w 7 systemach; 120 409 mieszkańców bez usług
IK-01-00151,GPZ 110/SN opolskie-wschodni-02-06-00151,IK01,energy,GPZ 110/SN,16,1602006,K2,14,3,7,70812,6,5,0.0,21.36,wysoki,dual_feed,0.0,0,1,0,Gazoprzesył S.A. (fikc.),0,45.12,skutki w 7 systemach
IK-01-00005,stacja NN 400/220 kV podkarpackie-zachodni-21-06-00005,IK01,energy,stacja NN 400/220 kV,18,1821006,K1,15,3,6,114807,8,2,0.0,21.35,wysoki,dual_feed,0.0,0,1,1,Operator Przesyłowy S.A. (fikc.),0,47.8,skutki w 6 systemach; 114 807 mieszkańców bez usług
IK-01-00202,GPZ 110/SN dolnośląskie-zachodni-27-02-00202,IK01,energy,GPZ 110/SN,02,0227002,K2,12,2,8,62515,5,2,0.0,21.29,wysoki,dual_feed,0.0,0,0,1,OSD Zachód (fikc.),0,42.4,skutki w 8 systemach; poza rejestrem IK
IK-01-00082,GPZ 110/SN dolnośląskie-zachodni-27-05-00082,IK01,energy,GPZ 110/SN,02,0227005,K2,13,2,9,28077,5,2,0.0,21.27,wysoki,dual_feed,0.0,0,1,0,OSD Zachód (fikc.),1,42.16,skutki w 9 systemach; w strefie zalewowej
IK-01-00210,GPZ 110/SN łódzkie-północny-06-06-00210,IK01,energy,GPZ 110/SN,10,1006006,K2,12,2,8,54693,4,3,0.0,21.16,wysoki,dual_feed,0.0,0,1,1,Gazoprzesył S.A. (fikc.),0,41.48,skutki w 8 systemach
IK-01-00103,GPZ 110/SN warmińsko-mazurskie-miejski-05-05-00103,IK01,energy,GPZ 110/SN,28,2805005,K2,13,2,6,105901,9,4,0.0,21.09,wysoki,dual_feed,0.0,0,1,1,OSD Południe (fikc.),0,41.2,skutki w 6 systemach; 105 901 mieszkańców bez usług
IK-01-00105,GPZ 110/SN pomorskie-północny-06-05-00105,IK01,energy,GPZ 110/SN,22,2206005,K2,15,2,7,55789,6,6,0.0,21.01,wysoki,dual_feed,0.0,0,0,1,Operator Przesyłowy S.A. (fikc.),0,39.48,skutki w 7 systemach; poza rejestrem IK
IK-01-00109,GPZ 110/SN opolskie-zachodni-09-04-00109,IK01,energy,GPZ 110/SN,16,1609004,K2,20,6,7,31362,3,7,6.3,20.89,wysoki,dual_feed,0.0,0,0,0,OSD Południe (fikc.),0,42.64,skutki w 7 systemach; poza rejestrem IK
IK-01-00158,GPZ 110/SN podkarpackie-zachodni-03-06-00158,IK01,energy,GPZ 110/SN,18,1803006,K2,14,2,6,110185,7,2,0.0,20.88,wysoki,dual_feed,0.0,0,1,1,Operator Przesyłowy S.A. (fikc.),0,44.4,skutki w 6 systemach; 110 185 mieszkańców bez usług
IK-01-00025,stacja NN 400/220 kV kujawsko-pomorskie-wschodni-02-05-00025,IK01,energy,stacja NN 400/220 kV,04,0402005,K1,15,3,6,98022,11,3,0.0,20.69,wysoki,dual_feed,0.0,0,1,1,Operator Przesyłowy S.A. (fikc.),0,53.44,skutki w 6 systemach
IK-01-00118,GPZ 110/SN opolskie-centralny-10-07-00118,IK01,energy,GPZ 110/SN,16,1610007,K2,14,2,7,58861,6,4,0.0,20.32,wysoki,dual_feed,0.0,0,1,1,OSD Południe (fikc.),1,40.68,skutki w 7 systemach; w strefie zalewowej
IK-01-00047,GPZ 110/SN dolnośląskie-północny-24-04-00047,IK01,energy,GPZ 110/SN,02,0224004,K3,12,4,8,29067,3,5,1.9,20.31,wysoki,dual_feed,0.0,0,0,0,OSD Zachód (fikc.),0,35.76,skutki w 8 systemach; poza rejestrem IK
IK-01-00049,GPZ 110/SN dolnośląskie-miejski-23-03-00049,IK01,energy,GPZ 110/SN,02,0223003,K3,14,2,7,69943,5,2,0.0,20.31,wysoki,dual_feed,0.0,0,1,0,OSD Zachód (fikc.),0,36.4,skutki w 7 systemach
IK-01-00071,GPZ 110/SN dolnośląskie-wschodni-08-07-00071,IK01,energy,GPZ 110/SN,02,0208007,K1,11,2,6,105175,6,2,0.0,19.98,istotny,dual_feed,0.0,0,1,1,Operator Przesyłowy S.A. (fikc.),0,50.080000000000005,skutki w 6 systemach; 105 175 mieszkańców bez usług
IK-01-00057,GPZ 110/SN opolskie-miejski-11-01-00057,IK01,energy,GPZ 110/SN,16,1611001,K2,18,3,8,20033,2,2,0.0,19.97,istotny,dual_feed,0.0,0,0,1,Paliwa Krajowe S.A. (fikc.),1,41.52,skutki w 8 systemach; poza rejestrem IK; w strefie zalewowej
IK-01-00122,GPZ 110/SN lubuskie-centralny-04-06-00122,IK01,energy,GPZ 110/SN,08,0804006,K2,15,2,6,79819,7,4,0.0,19.94,istotny,dual_feed,0.0,0,1,1,Paliwa Krajowe S.A. (fikc.),0,41.32,skutki w 6 systemach
IK-01-00110,GPZ 110/SN podlaskie-południowy-07-06-00110,IK01,energy,GPZ 110/SN,20,2007006,K2,17,2,6,66587,3,5,0.0,19.89,istotny,dual_feed,0.0,0,1,0,Operator Przesyłowy S.A. (fikc.),0,44.28,skutki w 6 systemach
IK-01-00042,GPZ 110/SN dolnośląskie-północny-18-04-00042,IK01,energy,GPZ 110/SN,02,0218004,K2,11,2,7,71135,4,2,0.0,19.79,istotny,dual_feed,0.0,0,1,0,Operator Przesyłowy S.A. (fikc.),1,42.16,skutki w 7 systemach; w strefie zalewowej
IK-01-00127,GPZ 110/SN warmińsko-mazurskie-zachodni-15-06-00127,IK01,energy,GPZ 110/SN,28,2815006,K1,12,3,8,31355,4,3,2.9,19.78,istotny,dual_feed,0.0,0,1,1,OSD Południe (fikc.),0,50.0,skutki w 8 systemach
IK-01-00125,GPZ 110/SN łódzkie-miejski-11-02-00125,IK01,energy,GPZ 110/SN,10,1011002,K2,13,2,6,80768,8,4,2.0,19.6,istotny,dual_feed,0.0,0,1,1,Operator Przesyłowy S.A. (fikc.),0,45.68,skutki w 6 systemach
IK-01-00055,GPZ 110/SN pomorskie-miejski-17-06-00055,IK01,energy,GPZ 110/SN,22,2217006,K1,7,2,7,84018,3,1,0.0,19.42,istotny,dual_feed,0.0,0,1,1,OSD Zachód (fikc.),0,49.52,skutki w 7 systemach
IK-01-00231,GPZ 110/SN opolskie-zachodni-09-01-00231,IK01,energy,GPZ 110/SN,16,1609001,K2,12,3,7,65870,4,1,0.0,19.34,istotny,dual_feed,0.0,0,0,0,Gazoprzesył S.A. (fikc.),0,40.92,skutki w 7 systemach; poza rejestrem IK
IK-01-00069,GPZ 110/SN dolnośląskie-centralny-22-04-00069,IK01,energy,GPZ 110/SN,02,0222004,K2,12,2,7,53577,5,3,2.5,19.28,istotny,dual_feed,0.0,0,0,0,Operator Przesyłowy S.A. (fikc.),1,45.92,skutki w 7 systemach; poza rejestrem IK; w strefie zalewowej
IK-01-00194,GPZ 110/SN łódzkie-zachodni-21-05-00194,IK01,energy,GPZ 110/SN,10,1021005,K2,12,3,7,48942,5,3,0.0,19.01,istotny,dual_feed,0.0,0,1,1,OSD Zachód (fikc.),0,45.12,skutki w 7 systemach
IK-01-00166,GPZ 110/SN warmińsko-mazurskie-centralny-04-05-00166,IK01,energy,GPZ 110/SN,28,2804005,K3,11,2,6,82327,6,3,0.0,18.96,istotny,dual_feed,0.0,0,0,1,OSD Południe (fikc.),0,34.56,skutki w 6 systemach; poza rejestrem IK
IK-01-00101,GPZ 110/SN śląskie-miejski-17-03-00101,IK01,energy,GPZ 110/SN,24,2417003,K2,11,2,6,79811,7,3,0.0,18.82,istotny,dual_feed,0.0,0,1,1,OSD Zachód (fikc.),0,42.44,skutki w 6 systemach
IK-01-00221,GPZ 110/SN opolskie-miejski-05-01-00221,IK01,energy,GPZ 110/SN,16,1605001,K2,14,3,6,63668,4,4,0.0,18.79,istotny,dual_feed,0.0,0,1,1,Paliwa Krajowe S.A. (fikc.),0,38.84,skutki w 6 systemach
IK-01-00059,GPZ 110/SN podlaskie-miejski-05-03-00059,IK01,energy,GPZ 110/SN,20,2005003,K2,11,2,7,59769,5,1,0.0,18.78,istotny,dual_feed,0.0,0,1,1,Paliwa Krajowe S.A. (fikc.),0,38.36,skutki w 7 systemach
IK-01-00039,stacja NN 400/220 kV wielkopolskie-południowy-01-03-00039,IK01,energy,stacja NN 400/220 kV,30,3001003,K1,12,4,7,39140,4,4,0.0,18.76,istotny,dual_feed,0.0,0,1,1,Operator Przesyłowy S.A. (fikc.),0,53.12,skutki w 7 systemach
IK-01-00224,GPZ 110/SN opolskie-południowy-07-03-00224,IK01,energy,GPZ 110/SN,16,1607003,K2,13,4,6,64621,6,4,0.0,18.65,istotny,dual_feed,0.0,0,1,0,OSD Południe (fikc.),0,41.72,skutki w 6 systemach
IK-01-00116,GPZ 110/SN opolskie-zachodni-03-06-00116,IK01,energy,GPZ 110/SN,16,1603006,K3,15,3,6,68018,5,2,0.0,18.58,istotny,dual_feed,0.0,0,1,1,Operator Przesyłowy S.A. (fikc.),1,34.599999999999994,skutki w 6 systemach; w strefie zalewowej
IK-01-00185,GPZ 110/SN opolskie-południowy-07-04-00185,IK01,energy,GPZ 110/SN,16,1607004,K2,15,2,6,36450,5,7,0.0,18.38,istotny,dual_feed,0.0,0,1,0,Paliwa Krajowe S.A. (fikc.),1,42.16,skutki w 6 systemach; w strefie zalewowej
IK-01-00195,GPZ 110/SN zachodniopomorskie-północny-12-04-00195,IK01,energy,GPZ 110/SN,32,3212004,K2,12,3,6,71476,5,1,0.0,17.85,istotny,dual_feed,0.0,0,1,1,OSD Południe (fikc.),0,44.24,skutki w 6 systemach
IK-01-00064,GPZ 110/SN lubelskie-wschodni-20-03-00064,IK01,energy,GPZ 110/SN,06,0620003,K1,9,3,6,60234,3,4,0.0,17.59,istotny,dual_feed,0.0,0,1,1,Operator Przesyłowy S.A. (fikc.),0,49.52,skutki w 6 systemach
IK-01-00214,GPZ 110/SN opolskie-miejski-11-06-00214,IK01,energy,GPZ 110/SN,16,1611006,K2,9,3,6,59151,3,4,0.0,17.53,istotny,dual_feed,0.0,0,1,1,OSD Zachód (fikc.),0,44.12,skutki w 6 systemach
IK-01-00007,stacja NN 400/220 kV kujawsko-pomorskie-miejski-11-01-00007,IK01,energy,stacja NN 400/220 kV,04,0411001,K1,10,3,6,64626,7,2,0.0,17.39,istotny,dual_feed,0.0,0,1,1,OSD Zachód (fikc.),0,54.16,skutki w 6 systemach
IK-01-00200,GPZ 110/SN zachodniopomorskie-południowy-01-01-00200,IK01,energy,GPZ 110/SN,32,3201001,K2,6,2,4,148966,4,0,0.0,17.28,istotny,dual_feed,0.0,0,1,1,OSD Południe (fikc.),0,44.080000000000005,skutki w 4 systemach; 148 966 mieszkańców bez usług
IK-01-00031,stacja NN 400/220 kV małopolskie-miejski-11-01-00031,IK01,energy,stacja NN 400/220 kV,12,1211001,K1,10,3,5,99901,7,0,0.0,16.99,istotny,dual_feed,0.0,0,1,1,Operator Przesyłowy S.A. (fikc.),0,48.44,skutki w 5 systemach
IK-01-00065,GPZ 110/SN śląskie-wschodni-14-04-00065,IK01,energy,GPZ 110/SN,24,2414004,K2,10,2,6,57723,7,2,0.0,16.98,istotny,dual_feed,0.0,0,1,1,OSD Zachód (fikc.),0,42.88,skutki w 6 systemach
IK-01-00174,GPZ 110/SN opolskie-północny-06-01-00174,IK01,energy,GPZ 110/SN,16,1606001,K1,13,3,6,44959,4,2,0.5,16.82,istotny,dual_feed,0.0,0,1,1,Gazoprzesył S.A. (fikc.),0,49.84,skutki w 6 systemach
IK-01-00212,GPZ 110/SN pomorskie-centralny-04-05-00212,IK01,energy,GPZ 110/SN,22,2204005,K1,9,2,6,45344,4,3,3.8,16.38,istotny,dual_feed,0.0,0,1,1,Paliwa Krajowe S.A. (fikc.),0,51.72,skutki w 6 systemach
IK-01-00227,GPZ 110/SN podkarpackie-wschodni-08-06-00227,IK01,energy,GPZ 110/SN,18,1808006,K1,16,3,5,18782,2,9,2.8,16.38,istotny,dual_feed,0.0,0,1,1,OSD Zachód (fikc.),0,49.16,skutki w 5 systemach
IK-01-00106,GPZ 110/SN śląskie-północny-06-01-00106,IK01,energy,GPZ 110/SN,24,2406001,K2,9,3,7,16678,3,2,0.0,16.17,istotny,dual_feed,0.0,0,1,0,Paliwa Krajowe S.A. (fikc.),0,46.12,skutki w 7 systemach
IK-01-00182,GPZ 110/SN małopolskie-południowy-01-07-00182,IK01,energy,GPZ 110/SN,12,1201007,K2,9,2,5,89348,6,0,1.1,16.16,istotny,dual_feed,0.0,0,1,1,OSD Południe (fikc.),0,43.72,skutki w 5 systemach
IK-01-00205,GPZ 110/SN dolnośląskie-północny-06-03-00205,IK01,energy,GPZ 110/SN,02,0206003,K2,11,2,6,34696,4,3,0.0,16.15,istotny,dual_feed,0.0,0,0,1,Paliwa Krajowe S.A. (fikc.),0,42.16,skutki w 6 systemach; poza rejestrem IK
IK-01-00093,GPZ 110/SN podkarpackie-północny-24-04-00093,IK01,energy,GPZ 110/SN,18,1824004,K2,11,2,6,31883,4,3,2.3,15.98,istotny,dual_feed,0.0,0,0,0,Operator Przesyłowy S.A. (fikc.),0,43.8,skutki w 6 systemach; poza rejestrem IK
IK-01-00058,GPZ 110/SN podlaskie-miejski-17-04-00058,IK01,energy,GPZ 110/SN,20,2017004,K2,9,2,6,47795,5,1,0.0,15.86,istotny,dual_feed,0.0,0,1,1,Operator Przesyłowy S.A. (fikc.),0,43.48,skutki w 6 systemach
IK-01-00223,GPZ 110/SN pomorskie-centralny-16-06-00223,IK01,energy,GPZ 110/SN,22,2216006,K2,7,2,4,115315,6,1,0.0,15.82,istotny,dual_feed,0.0,0,0,0,Operator Przesyłowy S.A. (fikc.),0,46.760000000000005,skutki w 4 systemach; 115 315 mieszkańców bez usług; poza rejestrem IK
IK-01-00155,GPZ 110/SN opolskie-zachodni-03-03-00155,IK01,energy,GPZ 110/SN,16,1603003,K1,11,2,6,23461,3,4,2.1,15.81,istotny,dual_feed,0.0,0,1,0,OSD Zachód (fikc.),0,50.56,skutki w 6 systemach
IK-01-00070,GPZ 110/SN opolskie-południowy-01-02-00070,IK01,energy,GPZ 110/SN,16,1601002,K2,11,2,6,26157,4,3,0.0,15.64,istotny,dual_feed,0.0,0,1,1,OSD Południe (fikc.),1,45.6,skutki w 6 systemach; w strefie zalewowej
IK-01-00142,GPZ 110/SN wielkopolskie-wschodni-14-01-00142,IK01,energy,GPZ 110/SN,30,3014001,K2,10,2,4,100329,6,1,0.0,15.53,istotny,dual_feed,0.0,0,1,1,Gazoprzesył S.A. (fikc.),0,44.84,skutki w 4 systemach; 100 329 mieszkańców bez usług
IK-01-00230,GPZ 110/SN dolnośląskie-wschodni-02-06-00230,IK01,energy,GPZ 110/SN,02,0202006,K1,7,2,4,107261,6,1,0.9,15.34,istotny,dual_feed,0.0,0,1,1,Gazoprzesył S.A. (fikc.),1,50.8,skutki w 4 systemach; 107 261 mieszkańców bez usług; w strefie zalewowej
IK-01-00040,stacja NN 400/220 kV pomorskie-północny-18-03-00040,IK01,energy,stacja NN 400/220 kV,22,2218003,K1,14,3,5,12805,2,8,0.0,15.29,istotny,dual_feed,0.0,0,1,0,Operator Przesyłowy S.A. (fikc.),0,54.6,skutki w 5 systemach
IK-01-00150,GPZ 110/SN świętokrzyskie-centralny-10-04-00150,IK01,energy,GPZ 110/SN,26,2610004,K2,9,2,4,98363,5,1,0.0,15.21,istotny,dual_feed,0.0,0,1,0,Paliwa Krajowe S.A. (fikc.),0,43.24,skutki w 4 systemach
IK-01-00086,GPZ 110/SN lubuskie-południowy-01-02-00086,IK01,energy,GPZ 110/SN,08,0801002,K1,9,3,6,24279,2,3,1.1,15.13,istotny,dual_feed,0.0,0,1,1,OSD Zachód (fikc.),0,47.6,skutki w 6 systemach
IK-01-00141,GPZ 110/SN śląskie-zachodni-33-06-00141,IK01,energy,GPZ 110/SN,24,2433006,K2,6,2,4,100694,5,2,0.0,15.09,istotny,dual_feed,0.0,0,1,1,OSD Zachód (fikc.),0,38.52,skutki w 4 systemach; 100 694 mieszkańców bez usług
IK-01-00177,GPZ 110/SN opolskie-południowy-01-03-00177,IK01,energy,GPZ 110/SN,16,1601003,K2,12,3,6,10079,2,3,7.0,14.89,istotny,dual_feed,0.0,0,1,1,Gazoprzesył S.A. (fikc.),0,40.92,skutki w 6 systemach
IK-01-00191,GPZ 110/SN pomorskie-północny-18-02-00191,IK01,energy,GPZ 110/SN,22,2218002,K1,13,2,5,12805,2,7,1.9,14.76,istotny,dual_feed,0.0,0,1,1,OSD Południe (fikc.),0,48.04,skutki w 5 systemach
IK-01-00076,GPZ 110/SN łódzkie-miejski-11-02-00076,IK01,energy,GPZ 110/SN,10,1011002,K2,7,2,4,77716,6,4,1.7,14.59,istotny,dual_feed,0.0,0,1,1,Operator Przesyłowy S.A. (fikc.),0,44.6,skutki w 4 systemach
IK-01-00083,GPZ 110/SN kujawsko-pomorskie-zachodni-09-07-00083,IK01,energy,GPZ 110/SN,04,0409007,K1,9,2,5,56795,6,1,0.0,14.57,istotny,dual_feed,0.0,0,1,1,Operator Przesyłowy S.A. (fikc.),0,48.24,skutki w 5 systemach
IK-01-00219,GPZ 110/SN kujawsko-pomorskie-południowy-07-05-00219,IK01,energy,GPZ 110/SN,04,0407005,K1,5,1,5,74660,3,0,0.0,14.5,istotny,dual_feed,0.0,0,1,1,Paliwa Krajowe S.A. (fikc.),0,52.6,skutki w 5 systemach
IK-01-00004,stacja NN 400/220 kV opolskie-północny-06-03-00004,IK01,energy,stacja NN 400/220 kV,16,1606003,K1,10,3,5,29306,4,5,0.0,14.48,istotny,dual_feed,0.0,0,0,1,Paliwa Krajowe S.A. (fikc.),0,50.03999999999999,skutki w 5 systemach; poza rejestrem IK
IK-01-00115,GPZ 110/SN zachodniopomorskie-miejski-17-03-00115,IK01,energy,GPZ 110/SN,32,3217003,K2,8,2,4,76497,4,2,0.0,14.05,istotny,dual_feed,0.0,0,1,1,OSD Zachód (fikc.),0,41.96,skutki w 4 systemach
IK-01-00157,GPZ 110/SN lubelskie-centralny-22-03-00157,IK01,energy,GPZ 110/SN,06,0622003,K2,8,3,5,49404,4,1,0.0,13.94,istotny,dual_feed,0.0,0,0,0,Paliwa Krajowe S.A. (fikc.),0,39.44,skutki w 5 systemach; poza rejestrem IK
IK-02-00480,węzeł szkieletowy telekom podlaskie-miejski-11-06-00480,IK02,telecom,węzeł szkieletowy telekom,20,2011006,K2,16,2,5,0,0,5,0.28,13.93,istotny,genset,10.7,1,1,0,Telko Gamma S.A. (fikc.),0,63.970000000000006,skutki w 5 systemach; jedno źródło zasilania
IK-01-00072,GPZ 110/SN kujawsko-pomorskie-zachodni-15-04-00072,IK01,energy,GPZ 110/SN,04,0415004,K2,6,2,5,43251,3,3,1.8,13.84,istotny,dual_feed,0.0,0,1,0,Paliwa Krajowe S.A. (fikc.),0,42.96,skutki w 5 systemach
IK-01-00228,GPZ 110/SN lubelskie-południowy-13-06-00228,IK01,energy,GPZ 110/SN,06,0613006,K2,9,2,4,73739,5,1,0.0,13.76,istotny,dual_feed,0.0,0,1,1,OSD Południe (fikc.),0,44.52,skutki w 4 systemach
IK-01-00131,GPZ 110/SN kujawsko-pomorskie-centralny-16-07-00131,IK01,energy,GPZ 110/SN,04,0416007,K2,7,2,3,97467,7,3,0.0,13.61,istotny,dual_feed,0.0,0,0,0,OSD Zachód (fikc.),0,40.28,skutki w 3 systemach; poza rejestrem IK
IK-06-01079,ujęcie wody mazowieckie-miejski-11-01-01079,IK06,water,ujęcie wody,14,1411001,K1,2,1,2,156475,2,0,2.49,13.29,istotny,genset,2.2,1,1,1,Wodociągi Miejskie (fikc.),0,73.1,156 475 mieszkańców bez usług; jedno źródło zasilania
IK-01-00130,GPZ 110/SN świętokrzyskie-wschodni-02-04-00130,IK01,energy,GPZ 110/SN,26,2602004,K1,8,2,5,25134,3,2,0.0,12.83,istotny,dual_feed,0.0,0,1,1,Paliwa Krajowe S.A. (fikc.),0,54.6,skutki w 5 systemach
IK-01-00237,GPZ 110/SN lubelskie-wschodni-02-02-00237,IK01,energy,GPZ 110/SN,06,0602002,K1,6,2,4,49502,6,4,1.5,12.73,istotny,dual_feed,0.0,0,1,1,OSD Południe (fikc.),0,48.0,skutki w 4 systemach
IK-01-00056,GPZ 110/SN opolskie-północny-06-01-00056,IK01,energy,GPZ 110/SN,16,1606001,K2,9,2,4,43243,3,3,0.0,12.62,istotny,dual_feed,0.0,0,1,0,Operator Przesyłowy S.A. (fikc.),1,38.76,skutki w 4 systemach; w strefie zalewowej
IK-01-00163,GPZ 110/SN dolnośląskie-wschodni-02-06-00163,IK01,energy,GPZ 110/SN,02,0202006,K2,5,2,4,67461,2,1,1.7,12.59,istotny,dual_feed,0.0,0,1,1,OSD Zachód (fikc.),1,44.88,skutki w 4 systemach; w strefie zalewowej
IK-01-00170,GPZ 110/SN dolnośląskie-miejski-23-04-00170,IK01,energy,GPZ 110/SN,02,0223004,K2,8,2,5,19497,3,2,0.0,12.5,istotny,dual_feed,0.0,0,1,0,Paliwa Krajowe S.A. (fikc.),0,43.92,skutki w 5 systemach
IK-01-00050,GPZ 110/SN wielkopolskie-zachodni-15-06-00050,IK01,energy,GPZ 110/SN,30,3015006,K1,6,2,5,25359,3,2,0.0,12.45,istotny,dual_feed,0.0,0,1,1,OSD Zachód (fikc.),0,51.24,skutki w 5 systemach
IK-01-00164,GPZ 110/SN warmińsko-mazurskie-północny-18-04-00164,IK01,energy,GPZ 110/SN,28,2818004,K1,5,1,4,63978,4,1,0.0,12.38,istotny,dual_feed,0.0,0,1,1,Gazoprzesył S.A. (fikc.),0,47.16,skutki w 4 systemach
IK-01-00144,GPZ 110/SN lubelskie-północny-06-06-00144,IK01,energy,GPZ 110/SN,06,0606006,K3,10,2,4,48448,5,0,0.0,12.12,istotny,dual_feed,0.0,0,1,0,OSD Południe (fikc.),0,37.44,skutki w 4 systemach
IK-01-00216,GPZ 110/SN łódzkie-południowy-07-04-00216,IK01,energy,GPZ 110/SN,10,1007004,K3,3,1,3,102016,3,0,0.0,12.09,istotny,dual_feed,0.0,0,1,1,Operator Przesyłowy S.A. (fikc.),0,36.64,skutki w 3 systemach; 102 016 mieszkańców bez usług
IK-01-00145,GPZ 110/SN kujawsko-pomorskie-wschodni-08-07-00145,IK01,energy,GPZ 110/SN,04,0408007,K3,7,3,5,17721,2,1,0.9,11.86,istotny,dual_feed,0.0,0,1,0,OSD Południe (fikc.),0,36.56,skutki w 5 systemach
IK-01-00178,GPZ 110/SN śląskie-zachodni-21-03-00178,IK01,energy,GPZ 110/SN,24,2421003,K1,6,3,5,15125,3,2,0.0,11.84,istotny,dual_feed,0.0,0,1,1,Paliwa Krajowe S.A. (fikc.),0,48.56,skutki w 5 systemach
IK-01-00199,GPZ 110/SN opolskie-południowy-01-03-00199,IK01,energy,GPZ 110/SN,16,1601003,K1,8,2,5,13644,2,1,6.8,11.82,istotny,dual_feed,0.0,0,1,1,Paliwa Krajowe S.A. (fikc.),1,49.4,skutki w 5 systemach; w strefie zalewowej
IK-01-00094,GPZ 110/SN zachodniopomorskie-centralny-10-05-00094,IK01,energy,GPZ 110/SN,32,3210005,K2,9,2,4,25050,3,3,1.4,11.54,istotny,dual_feed,0.0,0,0,1,Paliwa Krajowe S.A. (fikc.),0,42.0,skutki w 4 systemach; poza rejestrem IK
IK-01-00091,GPZ 110/SN dolnośląskie-południowy-13-02-00091,IK01,energy,GPZ 110/SN,02,0213002,K2,8,2,4,31549,5,2,0.0,11.39,istotny,dual_feed,0.0,0,1,0,Gazoprzesył S.A. (fikc.),0,40.08,skutki w 4 systemach
IK-01-00067,GPZ 110/SN śląskie-północny-24-02-00067,IK01,energy,GPZ 110/SN,24,2424002,K2,6,2,4,49520,5,0,0.0,11.39,istotny,dual_feed,0.0,0,1,1,OSD Zachód (fikc.),0,44.72,skutki w 4 systemach
IK-01-00148,GPZ 110/SN dolnośląskie-wschodni-02-06-00148,IK01,energy,GPZ 110/SN,02,0202006,K1,4,1,4,49877,1,1,3.8,11.35,istotny,dual_feed,0.0,0,1,1,OSD Południe (fikc.),1,47.32,skutki w 4 systemach; w strefie zalewowej
IK-01-00045,GPZ 110/SN opolskie-południowy-07-06-00045,IK01,energy,GPZ 110/SN,16,1607006,K2,5,2,4,37957,3,2,1.8,11.18,istotny,dual_feed,0.0,0,0,0,OSD Południe (fikc.),1,46.88,skutki w 4 systemach; poza rejestrem IK; w strefie zalewowej
IK-01-00186,GPZ 110/SN opolskie-zachodni-03-07-00186,IK01,energy,GPZ 110/SN,16,1603007,K3,5,2,5,16767,2,0,0.0,11.08,istotny,dual_feed,0.0,0,0,0,Operator Przesyłowy S.A. (fikc.),1,33.52,skutki w 5 systemach; poza rejestrem IK; w strefie zalewowej
IK-01-00171,GPZ 110/SN opolskie-północny-12-06-00171,IK01,energy,GPZ 110/SN,16,1612006,K2,7,2,4,23819,3,3,0.0,11.07,istotny,dual_feed,0.0,0,1,1,OSD Południe (fikc.),1,46.12,skutki w 4 systemach; w strefie zalewowej
IK-01-00089,GPZ 110/SN podkarpackie-południowy-07-01-00089,IK01,energy,GPZ 110/SN,18,1807001,K1,3,1,3,84727,2,0,0.0,11.06,istotny,dual_feed,0.0,0,1,1,OSD Południe (fikc.),0,54.6,skutki w 3 systemach
IK-02-00474,węzeł szkieletowy telekom zachodniopomorskie-centralny-10-04-00474,IK02,telecom,węzeł szkieletowy telekom,32,3210004,K1,9,2,4,0,0,6,0.24,11.06,istotny,genset,6.9,0,1,1,Telko Beta S.A. (fikc.),0,49.76,skutki w 4 systemach
IK-02-00471,węzeł szkieletowy telekom opolskie-wschodni-02-04-00471,IK02,telecom,węzeł szkieletowy telekom,16,1602004,K1,12,2,4,0,0,4,0.34,10.99,istotny,genset,5.4,1,0,0,Telko Beta S.A. (fikc.),0,73.0,skutki w 4 systemach; jedno źródło zasilania; poza rejestrem IK
IK-02-00448,węzeł szkieletowy telekom kujawsko-pomorskie-północny-06-06-00448,IK02,telecom,węzeł szkieletowy telekom,04,0406006,K3,13,2,4,0,0,3,0.33,10.85,istotny,genset,7.3,1,1,1,Telko Alfa S.A. (fikc.),0,58.52,skutki w 4 systemach; jedno źródło zasilania
IK-01-00085,GPZ 110/SN kujawsko-pomorskie-północny-12-03-00085,IK01,energy,GPZ 110/SN,04,0412003,K2,5,1,3,63764,4,1,0.0,10.55,istotny,dual_feed,0.0,0,1,0,OSD Zachód (fikc.),0,44.92,skutki w 3 systemach
IK-01-00104,GPZ 110/SN opolskie-miejski-05-04-00104,IK01,energy,GPZ 110/SN,16,1605004,K1,4,2,3,66907,3,1,0.0,10.54,istotny,dual_feed,0.0,0,1,1,Gazoprzesył S.A. (fikc.),1,47.08,skutki w 3 systemach; w strefie zalewowej
IK-02-00439,węzeł szkieletowy telekom dolnośląskie-północny-24-05-00439,IK02,telecom,węzeł szkieletowy telekom,02,0224005,K1,11,2,4,0,0,3,0.39,10.46,istotny,genset,7.4,1,1,1,Telko Alfa S.A. (fikc.),1,76.34,skutki w 4 systemach; jedno źródło zasilania; w strefie zalewowej
IK-01-00099,GPZ 110/SN dolnośląskie-wschodni-02-05-00099,IK01,energy,GPZ 110/SN,02,0202005,K3,6,2,4,21868,2,2,1.0,10.42,istotny,dual_feed,0.0,0,0,1,Operator Przesyłowy S.A. (fikc.),0,36.76,skutki w 4 systemach; poza rejestrem IK
IK-02-00457,węzeł szkieletowy telekom podkarpackie-południowy-13-03-00457,IK02,telecom,węzeł szkieletowy telekom,18,1813003,K1,13,2,3,0,0,7,0.27,10.37,istotny,genset,8.0,1,1,0,Telko Alfa S.A. (fikc.),0,75.49,skutki w 3 systemach; jedno źródło zasilania
IK-01-00090,GPZ 110/SN łódzkie-centralny-10-06-00090,IK01,energy,GPZ 110/SN,10,1010006,K2,5,2,4,30924,4,0,1.7,10.1,istotny,dual_feed,0.0,0,1,0,Operator Przesyłowy S.A. (fikc.),0,44.0,skutki w 4 systemach
IK-01-00235,GPZ 110/SN dolnośląskie-miejski-29-06-00235,IK01,energy,GPZ 110/SN,02,0229006,K1,5,2,4,19744,2,2,0.0,10.1,istotny,dual_feed,0.0,0,0,1,Paliwa Krajowe S.A. (fikc.),0,48.8,skutki w 4 systemach; poza rejestrem IK
IK-01-00152,GPZ 110/SN opolskie-wschodni-02-07-00152,IK01,energy,GPZ 110/SN,16,1602007,K1,4,2,4,22270,2,2,1.4,10.05,istotny,dual_feed,0.0,0,1,1,OSD Zachód (fikc.),1,47.760000000000005,skutki w 4 systemach; w strefie zalewowej
IK-02-00447,węzeł szkieletowy telekom małopolskie-miejski-05-01-00447,IK02,telecom,węzeł szkieletowy telekom,12,1205001,K1,7,2,4,0,0,4,0.35,10.0,istotny,genset,11.2,1,0,1,Telko Alfa S.A. (fikc.),0,75.11,skutki w 4 systemach; jedno źródło zasilania; poza rejestrem IK
IK-02-00428,węzeł szkieletowy telekom lubelskie-miejski-05-01-00428,IK02,telecom,węzeł szkieletowy telekom,06,0605001,K1,8,2,4,0,0,3,0.29,9.86,istotny,genset,7.7,0,1,0,Telko Gamma S.A. (fikc.),0,52.8,skutki w 4 systemach
IK-01-00066,GPZ 110/SN świętokrzyskie-południowy-13-01-00066,IK01,energy,GPZ 110/SN,26,2613001,K2,6,2,4,11834,2,2,0.0,9.83,istotny,dual_feed,0.0,0,1,1,Gazoprzesył S.A. (fikc.),0,43.48,skutki w 4 systemach
IK-01-00074,GPZ 110/SN warmińsko-mazurskie-centralny-10-01-00074,IK01,energy,GPZ 110/SN,28,2810001,K3,6,2,4,21578,4,0,0.0,9.74,istotny,dual_feed,0.0,0,1,0,Gazoprzesył S.A. (fikc.),0,36.44,skutki w 4 systemach
IK-01-00098,GPZ 110/SN lubuskie-miejski-05-02-00098,IK01,energy,GPZ 110/SN,08,0805002,K2,5,2,3,37493,4,3,0.0,9.67,istotny,dual_feed,0.0,0,1,1,Paliwa Krajowe S.A. (fikc.),0,39.28,skutki w 3 systemach
IK-01-00197,GPZ 110/SN kujawsko-pomorskie-centralny-04-03-00197,IK01,energy,GPZ 110/SN,04,0404003,K2,4,2,4,26381,3,0,0.0,9.63,istotny,dual_feed,0.0,0,1,1,Operator Przesyłowy S.A. (fikc.),0,46.2,skutki w 4 systemach
IK-01-00143,GPZ 110/SN dolnośląskie-centralny-10-05-00143,IK01,energy,GPZ 110/SN,02,0210005,K2,3,2,3,59816,3,0,2.1,9.59,istotny,dual_feed,0.0,0,1,0,Operator Przesyłowy S.A. (fikc.),1,44.12,skutki w 3 systemach; w strefie zalewowej
IK-01-00153,GPZ 110/SN opolskie-zachodni-03-02-00153,IK01,energy,GPZ 110/SN,16,1603002,K2,5,2,4,16778,2,0,0.0,9.26,istotny,dual_feed,0.0,0,0,0,Operator Przesyłowy S.A. (fikc.),1,40.2,skutki w 4 systemach; poza rejestrem IK; w strefie zalewowej
IK-01-00149,GPZ 110/SN podkarpackie-południowy-07-03-00149,IK01,energy,GPZ 110/SN,18,1807003,K2,5,1,4,9076,1,1,0.0,9.14,istotny,dual_feed,0.0,0,1,1,Operator Przesyłowy S.A. (fikc.),0,43.4,skutki w 4 systemach
IK-02-00444,węzeł szkieletowy telekom wielkopolskie-północny-12-04-00444,IK02,telecom,węzeł szkieletowy telekom,30,3012004,K1,6,2,4,0,0,2,0.37,9.13,istotny,genset,12.4,1,1,1,Telko Beta S.A. (fikc.),0,72.3,skutki w 4 systemach; jedno źródło zasilania
IK-02-00421,węzeł szkieletowy telekom mazowieckie-zachodni-15-05-00421,IK02,telecom,węzeł szkieletowy telekom,14,1415005,K1,6,2,4,0,0,1,0.3,8.8,istotny,genset,6.8,1,1,1,Telko Beta S.A. (fikc.),0,76.98,skutki w 4 systemach; jedno źródło zasilania
IK-02-00438,węzeł szkieletowy telekom dolnośląskie-północny-06-01-00438,IK02,telecom,węzeł szkieletowy telekom,02,0206001,K1,4,1,4,0,0,2,0.55,8.73,istotny,genset,11.3,1,0,1,Telko Gamma S.A. (fikc.),1,77.25,skutki w 4 systemach; jedno źródło zasilania; poza rejestrem IK; w strefie zalewowej
IK-01-00088,GPZ 110/SN opolskie-południowy-07-03-00088,IK01,energy,GPZ 110/SN,16,1607003,K2,4,2,3,36117,2,1,3.6,8.72,istotny,dual_feed,0.0,0,1,1,Paliwa Krajowe S.A. (fikc.),1,46.96,skutki w 3 systemach; w strefie zalewowej
IK-01-00240,GPZ 110/SN dolnośląskie-zachodni-03-05-00240,IK01,energy,GPZ 110/SN,02,0203005,K2,6,2,3,17799,3,3,0.0,8.7,istotny,dual_feed,0.0,0,1,1,OSD Południe (fikc.),0,41.92,skutki w 3 systemach
IK-01-00201,GPZ 110/SN mazowieckie-centralny-10-04-00201,IK01,energy,GPZ 110/SN,14,1410004,K1,3,2,3,40949,4,0,1.2,8.47,istotny,dual_feed,0.0,0,1,1,OSD Południe (fikc.),0,48.6,skutki w 3 systemach
IK-02-00477,węzeł szkieletowy telekom warmińsko-mazurskie-południowy-01-05-00477,IK02,telecom,węzeł szkieletowy telekom,28,2801005,K2,4,2,4,0,0,1,0.47,8.4,istotny,genset,8.3,1,1,1,Telko Gamma S.A. (fikc.),0,67.83,skutki w 4 systemach; jedno źródło zasilania
IK-02-00459,węzeł szkieletowy telekom lubuskie-wschodni-08-07-00459,IK02,telecom,węzeł szkieletowy telekom,08,0808007,K2,4,2,4,0,0,1,0.46,8.4,istotny,genset,6.3,0,0,0,Telko Gamma S.A. (fikc.),0,42.53,skutki w 4 systemach; poza rejestrem IK
IK-02-00469,węzeł szkieletowy telekom dolnośląskie-zachodni-09-02-00469,IK02,telecom,węzeł szkieletowy telekom,02,0209002,K2,4,2,4,0,0,1,0.38,8.4,istotny,genset,6.4,1,1,0,Telko Gamma S.A. (fikc.),1,69.19,skutki w 4 systemach; jedno źródło zasilania; w strefie zalewowej
IK-01-00225,GPZ 110/SN dolnośląskie-południowy-07-01-00225,IK01,energy,GPZ 110/SN,02,0207001,K1,4,2,3,30446,3,1,2.8,8.38,istotny,dual_feed,0.0,0,1,1,Operator Przesyłowy S.A. (fikc.),1,53.56,skutki w 3 systemach; w strefie zalewowej
IK-01-00211,GPZ 110/SN dolnośląskie-miejski-29-07-00211,IK01,energy,GPZ 110/SN,02,0229007,K2,3,1,3,30558,2,1,0.0,8.19,istotny,dual_feed,0.0,0,0,1,Gazoprzesył S.A. (fikc.),0,39.56,skutki w 3 systemach; poza rejestrem IK
IK-06-01350,oczyszczalnia ścieków mazowieckie-zachodni-03-04-01350,IK06,water,oczyszczalnia ścieków,14,1403004,K2,0,0,0,137093,1,0,0.0,8.11,istotny,genset,3.2,1,0,1,Wodociągi Miejskie (fikc.),0,64.89,137 093 mieszkańców bez usług; jedno źródło zasilania; poza rejestrem IK
IK-02-00470,węzeł szkieletowy telekom świętokrzyskie-zachodni-09-04-00470,IK02,telecom,węzeł szkieletowy telekom,26,2609004,K1,6,1,3,0,0,4,0.26,7.98,istotny,none,0.0,1,1,1,Telko Alfa S.A. (fikc.),0,95.44,skutki w 3 systemach; brak zasilania rezerwowego; jedno źródło zasilania
IK-01-00136,GPZ 110/SN lubelskie-wschodni-08-03-00136,IK01,energy,GPZ 110/SN,06,0608003,K2,3,1,3,26884,2,1,0.0,7.97,istotny,dual_feed,0.0,0,1,1,OSD Zachód (fikc.),0,44.8,skutki w 3 systemach
IK-01-00184,GPZ 110/SN kujawsko-pomorskie-północny-18-02-00184,IK01,energy,GPZ 110/SN,04,0418002,K2,4,2,3,21911,4,1,0.0,7.88,istotny,dual_feed,0.0,0,0,1,Paliwa Krajowe S.A. (fikc.),0,40.72,skutki w 3 systemach; poza rejestrem IK
IK-02-00467,węzeł szkieletowy telekom opolskie-miejski-05-03-00467,IK02,telecom,węzeł szkieletowy telekom,16,1605003,K2,7,2,3,0,0,3,0.59,7.84,istotny,genset,7.5,1,1,1,Telko Beta S.A. (fikc.),1,65.16,skutki w 3 systemach; jedno źródło zasilania; w strefie zalewowej
IK-02-00466,węzeł szkieletowy telekom lubelskie-północny-18-07-00466,IK02,telecom,węzeł szkieletowy telekom,06,0618007,K1,5,2,3,0,0,4,0.4,7.78,istotny,genset,2.0,1,1,0,Telko Beta S.A. (fikc.),0,71.89999999999999,skutki w 3 systemach; jedno źródło zasilania
IK-01-00188,GPZ 110/SN kujawsko-pomorskie-zachodni-09-01-00188,IK01,energy,GPZ 110/SN,04,0409001,K3,4,2,3,24071,3,0,1.4,7.67,istotny,dual_feed,0.0,0,0,0,Paliwa Krajowe S.A. (fikc.),0,38.12,skutki w 3 systemach; poza rejestrem IK
IK-02-00479,węzeł szkieletowy telekom dolnośląskie-centralny-04-03-00479,IK02,telecom,węzeł szkieletowy telekom,02,0204003,K1,5,2,3,0,0,3,0.23,7.45,istotny,genset,10.0,1,0,1,Telko Gamma S.A. (fikc.),0,76.24,skutki w 3 systemach; jedno źródło zasilania; poza rejestrem IK
IK-03-00738,węzeł sieci rządowej podlaskie-miejski-05-01-00738,IK03,ict,węzeł sieci rządowej,20,2005001,K2,6,2,3,0,0,2,0.57,7.31,istotny,genset,12.7,1,1,0,Centrum Informatyki Państwowej (fikc.),0,65.95,skutki w 3 systemach; jedno źródło zasilania
IK-02-00453,węzeł szkieletowy telekom dolnośląskie-wschodni-26-01-00453,IK02,telecom,węzeł szkieletowy telekom,02,0226001,K1,5,1,3,0,0,2,0.47,7.11,istotny,genset,6.9,0,1,0,Telko Gamma S.A. (fikc.),0,48.8,skutki w 3 systemach
IK-02-00423,węzeł szkieletowy telekom warmińsko-mazurskie-południowy-07-02-00423,IK02,telecom,węzeł szkieletowy telekom,28,2807002,K1,5,1,3,0,0,2,0.44,7.11,istotny,none,0.0,0,1,0,Telko Alfa S.A. (fikc.),0,73.56,skutki w 3 systemach; brak zasilania rezerwowego
IK-01-00159,GPZ 110/SN dolnośląskie-zachodni-03-03-00159,IK01,energy,GPZ 110/SN,02,0203003,K2,3,2,3,12137,2,1,4.9,7.1,istotny,dual_feed,0.0,0,1,0,OSD Zachód (fikc.),0,43.24,skutki w 3 systemach
IK-03-00691,centrum przetwarzania danych zachodniopomorskie-centralny-04-04-00691,IK03,ict,centrum przetwarzania danych,32,3204004,K1,3,2,3,0,0,3,0.51,7.05,istotny,genset,20.2,0,1,0,Centrum Informatyki Państwowej (fikc.),0,48.55,skutki w 3 systemach
IK-02-00422,węzeł szkieletowy telekom mazowieckie-zachodni-27-02-00422,IK02,telecom,węzeł szkieletowy telekom,14,1427002,K1,6,1,3,0,0,1,0.23,6.98,istotny,genset,7.8,0,1,1,Telko Gamma S.A. (fikc.),0,52.96999999999999,skutki w 3 systemach
IK-01-00121,GPZ 110/SN dolnośląskie-zachodni-27-07-00121,IK01,energy,GPZ 110/SN,02,0227007,K1,3,2,3,14668,2,0,0.0,6.92,istotny,dual_feed,0.0,0,1,1,OSD Południe (fikc.),1,52.04,skutki w 3 systemach; w strefie zalewowej
IK-02-00441,węzeł szkieletowy telekom podkarpackie-centralny-04-03-00441,IK02,telecom,węzeł szkieletowy telekom,18,1804003,K1,4,1,3,0,0,2,0.31,6.92,istotny,genset,4.0,1,1,1,Telko Beta S.A. (fikc.),0,75.57000000000001,skutki w 3 systemach; jedno źródło zasilania
IK-01-00236,GPZ 110/SN opolskie-zachodni-03-07-00236,IK01,energy,GPZ 110/SN,16,1603007,K2,3,1,3,12988,1,0,0.0,6.82,istotny,dual_feed,0.0,0,1,0,Gazoprzesył S.A. (fikc.),1,39.76,skutki w 3 systemach; w strefie zalewowej
IK-02-00460,węzeł szkieletowy telekom opolskie-zachodni-09-06-00460,IK02,telecom,węzeł szkieletowy telekom,16,1609006,K1,5,2,3,0,0,1,0.49,6.78,istotny,genset,8.0,1,1,1,Telko Beta S.A. (fikc.),0,73.89,skutki w 3 systemach; jedno źródło zasilania
IK-03-00775,węzeł sieci rządowej lubelskie-południowy-19-01-00775,IK03,ict,węzeł sieci rządowej,06,0619001,K1,3,2,3,0,0,2,0.7,6.72,istotny,genset,11.2,1,0,1,Centrum Informatyki Państwowej (fikc.),0,72.63,skutki w 3 systemach; jedno źródło zasilania; poza rejestrem IK
IK-02-00458,węzeł szkieletowy telekom opolskie-południowy-07-02-00458,IK02,telecom,węzeł szkieletowy telekom,16,1607002,K1,4,1,3,0,0,1,0.25,6.58,istotny,genset,6.4,1,1,1,Telko Gamma S.A. (fikc.),1,75.19,skutki w 3 systemach; jedno źródło zasilania; w strefie zalewowej
IK-01-00226,GPZ 110/SN pomorskie-centralny-10-04-00226,IK01,energy,GPZ 110/SN,22,2210004,K1,3,1,3,8063,1,0,0.0,6.53,istotny,dual_feed,0.0,0,0,1,Operator Przesyłowy S.A. (fikc.),0,48.6,skutki w 3 systemach; poza rejestrem IK
IK-02-00451,węzeł szkieletowy telekom wielkopolskie-wschodni-08-05-00451,IK02,telecom,węzeł szkieletowy telekom,30,3008005,K2,3,1,3,0,0,1,0.77,6.38,istotny,genset,10.4,1,1,1,Telko Gamma S.A. (fikc.),0,67.83,skutki w 3 systemach; jedno źródło zasilania
IK-02-00478,węzeł szkieletowy telekom dolnośląskie-zachodni-21-01-00478,IK02,telecom,węzeł szkieletowy telekom,02,0221001,K1,3,1,3,0,0,1,0.2,6.38,istotny,genset,8.0,0,1,1,Telko Alfa S.A. (fikc.),1,52.93,skutki w 3 systemach; w strefie zalewowej
IK-02-00476,węzeł szkieletowy telekom dolnośląskie-centralny-04-06-00476,IK02,telecom,węzeł szkieletowy telekom,02,0204006,K2,3,2,3,0,0,1,0.54,6.38,istotny,none,0.0,1,1,0,Telko Beta S.A. (fikc.),0,91.72,skutki w 3 systemach; brak zasilania rezerwowego; jedno źródło zasilania
IK-02-00424,węzeł szkieletowy telekom dolnośląskie-wschodni-02-04-00424,IK02,telecom,węzeł szkieletowy telekom,02,0202004,K1,4,1,3,0,0,0,0.21,6.25,istotny,genset,10.2,1,1,1,Telko Gamma S.A. (fikc.),1,72.0,skutki w 3 systemach; jedno źródło zasilania; w strefie zalewowej
IK-01-00077,GPZ 110/SN opolskie-północny-06-05-00077,IK01,energy,GPZ 110/SN,16,1606005,K2,3,3,3,1800,1,0,4.0,6.16,istotny,dual_feed,0.0,0,1,1,Operator Przesyłowy S.A. (fikc.),1,44.48,skutki w 3 systemach; w strefie zalewowej
